{
  "Delete User" : {
    "transaction" : "Delete User",
    "sampleCount" : 5,
    "errorCount" : 0,
    "errorPct" : 0.0,
    "meanResTime" : 442.2,
    "medianResTime" : 446.0,
    "minResTime" : 425.0,
    "maxResTime" : 454.0,
    "pct1ResTime" : 454.0,
    "pct2ResTime" : 454.0,
    "pct3ResTime" : 454.0,
    "throughput" : 6.756756756756757,
    "receivedKBytesPerSec" : 5.278716216216217,
    "sentKBytesPerSec" : 1.3724662162162162
  },
  "Total" : {
    "transaction" : "Total",
    "sampleCount" : 20,
    "errorCount" : 0,
    "errorPct" : 0.0,
    "meanResTime" : 417.54999999999995,
    "medianResTime" : 433.0,
    "minResTime" : 181.0,
    "maxResTime" : 638.0,
    "pct1ResTime" : 509.50000000000006,
    "pct2ResTime" : 631.7499999999999,
    "pct3ResTime" : 638.0,
    "throughput" : 9.041591320072333,
    "receivedKBytesPerSec" : 9.950165291591318,
    "sentKBytesPerSec" : 1.7813877429927665
  },
  "Create User" : {
    "transaction" : "Create User",
    "sampleCount" : 5,
    "errorCount" : 0,
    "errorPct" : 0.0,
    "meanResTime" : 427.6,
    "medianResTime" : 410.0,
    "minResTime" : 404.0,
    "maxResTime" : 478.0,
    "pct1ResTime" : 478.0,
    "pct2ResTime" : 478.0,
    "pct3ResTime" : 478.0,
    "throughput" : 7.22543352601156,
    "receivedKBytesPerSec" : 6.329310422687862,
    "sentKBytesPerSec" : 1.6370122832369944
  },
  " Update User" : {
    "transaction" : " Update User",
    "sampleCount" : 5,
    "errorCount" : 0,
    "errorPct" : 0.0,
    "meanResTime" : 429.0,
    "medianResTime" : 433.0,
    "minResTime" : 409.0,
    "maxResTime" : 451.0,
    "pct1ResTime" : 451.0,
    "pct2ResTime" : 451.0,
    "pct3ResTime" : 451.0,
    "throughput" : 6.915629322268326,
    "receivedKBytesPerSec" : 5.949872493084371,
    "sentKBytesPerSec" : 1.620850622406639
  },
  "GET User List" : {
    "transaction" : "GET User List",
    "sampleCount" : 5,
    "errorCount" : 0,
    "errorPct" : 0.0,
    "meanResTime" : 371.4,
    "medianResTime" : 313.0,
    "minResTime" : 181.0,
    "maxResTime" : 638.0,
    "pct1ResTime" : 638.0,
    "pct2ResTime" : 638.0,
    "pct3ResTime" : 638.0,
    "throughput" : 5.364806866952789,
    "receivedKBytesPerSec" : 10.109307939914162,
    "sentKBytesPerSec" : 0.6653617891630901
  }
}